{"cameraMode":{"drawMode":0,"name":"Shaded","section":"Shading Mode"},"sceneLighting":false,"audioPlay":false,"sceneViewState":{"m_AlwaysRefresh":false,"showFog":true,"showSkybox":false,"showFlares":true,"showImageEffects":true,"showParticleSystems":true,"showVisualEffectGraphs":true,"m_FxEnabled":true},"in2DMode":false,"pivot":{"x":-0.00004786252975463867,"y":0.8667935729026794,"z":0.011434182524681092},"rotation":{"x":-0.012055697850883007,"y":0.9875144958496094,"z":-0.09540247172117233,"w":-0.12478773295879364},"size":1.3656638860702515,"orthographic":false}