{"cameraMode":{"drawMode":0,"name":"Shaded","section":"Shading Mode"},"sceneLighting":true,"audioPlay":false,"sceneViewState":{"m_AlwaysRefresh":false,"showFog":true,"showSkybox":true,"showFlares":true,"showImageEffects":true,"showParticleSystems":true,"showVisualEffectGraphs":true,"m_FxEnabled":true},"in2DMode":false,"pivot":{"x":-0.9923912286758423,"y":-0.9861566424369812,"z":-0.43202105164527895},"rotation":{"x":-0.034766629338264468,"y":0.9613770842552185,"z":-0.14412757754325868,"w":-0.23190468549728394},"size":9.32846450805664,"orthographic":false}