{"cameraMode":{"drawMode":0,"name":"Shaded","section":"Shading Mode"},"sceneLighting":true,"audioPlay":false,"sceneViewState":{"m_AlwaysRefresh":false,"showFog":true,"showSkybox":true,"showFlares":true,"showImageEffects":true,"showParticleSystems":true,"showVisualEffectGraphs":true,"m_FxEnabled":true},"in2DMode":false,"pivot":{"x":-2.79380202293396,"y":2.2705471515655519,"z":1.4157551527023316},"rotation":{"x":-0.0037616172339767219,"y":0.9906705617904663,"z":-0.13335807621479035,"w":-0.027943816035985948},"size":6.313595771789551,"orthographic":false}