{"cameraMode":{"drawMode":0,"name":"Shaded","section":"Shading Mode"},"sceneLighting":true,"audioPlay":false,"sceneViewState":{"m_AlwaysRefresh":false,"showFog":true,"showSkybox":true,"showFlares":true,"showImageEffects":true,"showParticleSystems":true,"showVisualEffectGraphs":true,"m_FxEnabled":true},"in2DMode":false,"pivot":{"x":-0.4098866879940033,"y":1.1192187070846558,"z":3.7571139335632326},"rotation":{"x":-0.012055697850883007,"y":0.9875144958496094,"z":-0.09540247172117233,"w":-0.12478773295879364},"size":1.778449535369873,"orthographic":false}